repository,stratum,method,k,recall_macro,recall_num,recall_den,precision_macro,precision_defined,fraction_mean,coverage,abstention,mrr,mean_list_len,positive,new_test_only,zero_test_touch,suite_mean
flyteorg/flyte,Go,H,1,0.4600,84,245,0.6885,122,0.0029,0.8905,0.1095,0.6789,13.0073,137,19,44,390.8950
flyteorg/flyte,Go,H,3,0.6131,121,245,0.3784,122,0.0082,0.8905,0.1095,0.6789,13.0073,137,19,44,390.8950
flyteorg/flyte,Go,H,5,0.6504,133,245,0.2917,122,0.0128,0.8905,0.1095,0.6789,13.0073,137,19,44,390.8950
flyteorg/flyte,Go,H,10,0.7151,151,245,0.2295,122,0.0218,0.8905,0.1095,0.6789,13.0073,137,19,44,390.8950
flyteorg/flyte,Go,HMAX,1,0.4393,80,245,0.6557,122,0.0029,0.8905,0.1095,0.6535,13.0073,137,19,44,390.8950
flyteorg/flyte,Go,HMAX,3,0.5991,120,245,0.3757,122,0.0082,0.8905,0.1095,0.6535,13.0073,137,19,44,390.8950
flyteorg/flyte,Go,HMAX,5,0.6467,133,245,0.2917,122,0.0128,0.8905,0.1095,0.6535,13.0073,137,19,44,390.8950
flyteorg/flyte,Go,HMAX,10,0.7136,147,245,0.2262,122,0.0218,0.8905,0.1095,0.6535,13.0073,137,19,44,390.8950
flyteorg/flyte,Go,B0,1,0.0426,8,245,0.0584,137,0.0033,1.0000,0.0000,0.1199,156.4599,137,19,44,390.8950
flyteorg/flyte,Go,B0,3,0.0937,16,245,0.0389,137,0.0098,1.0000,0.0000,0.1199,156.4599,137,19,44,390.8950
flyteorg/flyte,Go,B0,5,0.1047,22,245,0.0321,137,0.0163,1.0000,0.0000,0.1199,156.4599,137,19,44,390.8950
flyteorg/flyte,Go,B0,10,0.1835,39,245,0.0285,137,0.0327,1.0000,0.0000,0.1199,156.4599,137,19,44,390.8950
flyteorg/flyte,Go,B1,1,0.5515,98,245,0.7206,136,0.0032,0.9927,0.0073,0.8003,97.7372,137,19,44,390.8950
flyteorg/flyte,Go,B1,3,0.7745,161,245,0.3946,136,0.0097,0.9927,0.0073,0.8003,97.7372,137,19,44,390.8950
flyteorg/flyte,Go,B1,5,0.8377,181,245,0.2662,136,0.0162,0.9927,0.0073,0.8003,97.7372,137,19,44,390.8950
flyteorg/flyte,Go,B1,10,0.8620,190,245,0.1434,136,0.0315,0.9927,0.0073,0.8003,97.7372,137,19,44,390.8950
LuckPerms/LuckPerms,Java,H,1,0.1034,3,64,0.1250,24,0.0156,0.8276,0.1724,0.2458,12.5172,29,11,160,45.5700
LuckPerms/LuckPerms,Java,H,3,0.2328,10,64,0.1736,24,0.0420,0.8276,0.1724,0.2458,12.5172,29,11,160,45.5700
LuckPerms/LuckPerms,Java,H,5,0.3241,16,64,0.1868,24,0.0654,0.8276,0.1724,0.2458,12.5172,29,11,160,45.5700
LuckPerms/LuckPerms,Java,H,10,0.4259,22,64,0.1664,24,0.1079,0.8276,0.1724,0.2458,12.5172,29,11,160,45.5700
LuckPerms/LuckPerms,Java,HMAX,1,0.1638,7,64,0.2917,24,0.0156,0.8276,0.1724,0.3313,12.5172,29,11,160,45.5700
LuckPerms/LuckPerms,Java,HMAX,3,0.2483,11,64,0.1875,24,0.0420,0.8276,0.1724,0.3313,12.5172,29,11,160,45.5700
LuckPerms/LuckPerms,Java,HMAX,5,0.3224,16,64,0.1868,24,0.0654,0.8276,0.1724,0.3313,12.5172,29,11,160,45.5700
LuckPerms/LuckPerms,Java,HMAX,10,0.4328,24,64,0.1747,24,0.1079,0.8276,0.1724,0.3313,12.5172,29,11,160,45.5700
LuckPerms/LuckPerms,Java,B0,1,0.0833,4,64,0.1379,29,0.0238,1.0000,0.0000,0.2597,50.2759,29,11,160,45.5700
LuckPerms/LuckPerms,Java,B0,3,0.2069,11,64,0.1264,29,0.0715,1.0000,0.0000,0.2597,50.2759,29,11,160,45.5700
LuckPerms/LuckPerms,Java,B0,5,0.2443,15,64,0.1034,29,0.1192,1.0000,0.0000,0.2597,50.2759,29,11,160,45.5700
LuckPerms/LuckPerms,Java,B0,10,0.4109,23,64,0.0845,29,0.2298,1.0000,0.0000,0.2597,50.2759,29,11,160,45.5700
LuckPerms/LuckPerms,Java,B1,1,0.1678,9,64,0.3103,29,0.0238,1.0000,0.0000,0.3850,47.5517,29,11,160,45.5700
LuckPerms/LuckPerms,Java,B1,3,0.2856,16,64,0.1839,29,0.0715,1.0000,0.0000,0.3850,47.5517,29,11,160,45.5700
LuckPerms/LuckPerms,Java,B1,5,0.3000,18,64,0.1241,29,0.1192,1.0000,0.0000,0.3850,47.5517,29,11,160,45.5700
LuckPerms/LuckPerms,Java,B1,10,0.3379,24,64,0.0879,29,0.2298,1.0000,0.0000,0.3850,47.5517,29,11,160,45.5700
kornia/kornia,Python,H,1,0.2830,30,195,0.4167,72,0.0033,0.8571,0.1429,0.4205,9.7857,84,17,99,261.1000
kornia/kornia,Python,H,3,0.3612,42,195,0.2616,72,0.0088,0.8571,0.1429,0.4205,9.7857,84,17,99,261.1000
kornia/kornia,Python,H,5,0.4209,50,195,0.2282,72,0.0133,0.8571,0.1429,0.4205,9.7857,84,17,99,261.1000
kornia/kornia,Python,H,10,0.4652,57,195,0.2001,72,0.0214,0.8571,0.1429,0.4205,9.7857,84,17,99,261.1000
kornia/kornia,Python,HMAX,1,0.2433,26,195,0.3611,72,0.0033,0.8571,0.1429,0.3904,9.7857,84,17,99,261.1000
kornia/kornia,Python,HMAX,3,0.3404,41,195,0.2569,72,0.0088,0.8571,0.1429,0.3904,9.7857,84,17,99,261.1000
kornia/kornia,Python,HMAX,5,0.3862,48,195,0.2227,72,0.0133,0.8571,0.1429,0.3904,9.7857,84,17,99,261.1000
kornia/kornia,Python,HMAX,10,0.4645,59,195,0.2029,72,0.0214,0.8571,0.1429,0.3904,9.7857,84,17,99,261.1000
kornia/kornia,Python,B0,1,0.0442,7,195,0.0833,84,0.0038,1.0000,0.0000,0.1801,191.6786,84,17,99,261.1000
kornia/kornia,Python,B0,3,0.1572,22,195,0.0873,84,0.0115,1.0000,0.0000,0.1801,191.6786,84,17,99,261.1000
kornia/kornia,Python,B0,5,0.1646,25,195,0.0595,84,0.0192,1.0000,0.0000,0.1801,191.6786,84,17,99,261.1000
kornia/kornia,Python,B0,10,0.1896,30,195,0.0357,84,0.0385,1.0000,0.0000,0.1801,191.6786,84,17,99,261.1000
kornia/kornia,Python,B1,1,0.3691,35,195,0.4321,81,0.0037,0.9643,0.0357,0.4914,5.8571,84,17,99,261.1000
kornia/kornia,Python,B1,3,0.4801,52,195,0.3971,81,0.0084,0.9643,0.0357,0.4914,5.8571,84,17,99,261.1000
kornia/kornia,Python,B1,5,0.4909,57,195,0.3790,81,0.0117,0.9643,0.0357,0.4914,5.8571,84,17,99,261.1000
kornia/kornia,Python,B1,10,0.5606,68,195,0.3766,81,0.0176,0.9643,0.0357,0.4914,5.8571,84,17,99,261.1000
remult/remult,TypeScript,H,1,0.4582,36,108,0.5373,67,0.0074,0.9853,0.0147,0.6152,37.8382,68,6,126,132.6850
remult/remult,TypeScript,H,3,0.5520,47,108,0.2886,67,0.0205,0.9853,0.0147,0.6152,37.8382,68,6,126,132.6850
remult/remult,TypeScript,H,5,0.6076,54,108,0.2381,67,0.0325,0.9853,0.0147,0.6152,37.8382,68,6,126,132.6850
remult/remult,TypeScript,H,10,0.6816,65,108,0.2012,67,0.0586,0.9853,0.0147,0.6152,37.8382,68,6,126,132.6850
remult/remult,TypeScript,HMAX,1,0.4141,32,108,0.4776,67,0.0074,0.9853,0.0147,0.5610,37.8382,68,6,126,132.6850
remult/remult,TypeScript,HMAX,3,0.5077,41,108,0.2587,67,0.0205,0.9853,0.0147,0.5610,37.8382,68,6,126,132.6850
remult/remult,TypeScript,HMAX,5,0.5745,50,108,0.2261,67,0.0325,0.9853,0.0147,0.5610,37.8382,68,6,126,132.6850
remult/remult,TypeScript,HMAX,10,0.6669,64,108,0.1997,67,0.0586,0.9853,0.0147,0.5610,37.8382,68,6,126,132.6850
remult/remult,TypeScript,B0,1,0.0374,6,108,0.0882,68,0.0075,1.0000,0.0000,0.1868,104.7794,68,6,126,132.6850
remult/remult,TypeScript,B0,3,0.0868,13,108,0.0637,68,0.0226,1.0000,0.0000,0.1868,104.7794,68,6,126,132.6850
remult/remult,TypeScript,B0,5,0.1824,20,108,0.0588,68,0.0377,1.0000,0.0000,0.1868,104.7794,68,6,126,132.6850
remult/remult,TypeScript,B0,10,0.3797,38,108,0.0559,68,0.0754,1.0000,0.0000,0.1868,104.7794,68,6,126,132.6850
remult/remult,TypeScript,B1,1,0.1206,10,108,0.1471,68,0.0075,1.0000,0.0000,0.2470,125.1029,68,6,126,132.6850
remult/remult,TypeScript,B1,3,0.2542,21,108,0.1029,68,0.0226,1.0000,0.0000,0.2470,125.1029,68,6,126,132.6850
remult/remult,TypeScript,B1,5,0.3179,26,108,0.0765,68,0.0377,1.0000,0.0000,0.2470,125.1029,68,6,126,132.6850
remult/remult,TypeScript,B1,10,0.4135,34,108,0.0500,68,0.0754,1.0000,0.0000,0.2470,125.1029,68,6,126,132.6850
